Top pages,Clicks,Impressions,CTR,Position
https://geniuskala.com/,191,281,67.97%,1.58
https://geniuskala.com/product/اسپیکر-سقفی-مدل-sp618/,21,151,13.91%,21.82
https://geniuskala.com/product/دستگیره-هوشمند-ساماریا-پلاس/,8,25,32%,5
https://geniuskala.com/about-us/,6,117,5.13%,4.12
https://geniuskala.com/shop/,6,86,6.98%,4.64
https://geniuskala.com/contact-us/,5,110,4.55%,6.48
https://geniuskala.com/product/اسپیکر-سقفی-مدل-sp301/,5,51,9.8%,4.71
https://geniuskala.com/product/دستگیره-هوشمند-شالا/,5,43,11.63%,5.63
https://geniuskala.com/product/دستگیره-هوشمند-تورسا/,5,39,12.82%,6.13
https://geniuskala.com/product/تاچ-پنل-صوتی-مدل-jx7plustuya/,4,55,7.27%,7.76
https://geniuskala.com/product/دستگیره-هوشمند-کومو/,4,43,9.3%,5.05
https://geniuskala.com/product/اسپیکر-صخرهای-فضای-باز-tis/,4,6,66.67%,2.5
https://geniuskala.com/product/تاچ-پنل-صوتی-مدل-jx86e/,3,45,6.67%,13.42
https://geniuskala.com/product/اسپیکر-دیواری-مدل-spg63/,3,30,10%,7.17
https://geniuskala.com/product/دستگیره-هوشمند-زوریچ/,3,21,14.29%,5.43
https://geniuskala.com/پشتیبانی/,2,87,2.3%,7.74
https://geniuskala.com/product/دستگیره-هوشمند-دلفی-دوربین-دار/,2,39,5.13%,7.36
https://geniuskala.com/product/اسپیکر-دیواری-مدل-spg62/,2,34,5.88%,5.82
https://geniuskala.com/product/تاچ-پنل-صوتی-مدل-jx805/,2,33,6.06%,8.52
https://geniuskala.com/product-category/سیستم-صوتی/اسپیکر/,2,28,7.14%,6.89
https://geniuskala.com/product/آمپلی-فایر-بلوتوثی-مدل-bt502t/,2,26,7.69%,5.27
https://geniuskala.com/product/تاچ-پنل-صوتی-مدل-jx12tuya/,2,19,10.53%,7.79
https://geniuskala.com/product-category/کلید-و-پریز/,2,18,11.11%,4.22
https://geniuskala.com/مزایا-و-معایب-دستگیره-هوشمند/,1,53,1.89%,8.15
https://geniuskala.com/product/اسپیکر-دیواری-مدل-spg43/,1,41,2.44%,7.88
https://geniuskala.com/سیستم-صوتی-چیست/,1,40,2.5%,9.38
https://geniuskala.com/سوالات-متداول/,1,31,3.23%,7.19
https://geniuskala.com/product/دستگیره-هوشمند-لوئیس/,1,29,3.45%,4.86
https://geniuskala.com/product/آمپلی-فایر-رومیزی-مدل-jx600-4/,1,27,3.7%,5.3
https://geniuskala.com/product/تاچ-پنل-صوتی-مدل-jx8tuya/,1,27,3.7%,7.19
https://geniuskala.com/پیگیری-سفارشات/,1,23,4.35%,6.65
https://geniuskala.com/product/اسپیکر-سقفی-مدل-sp41/,1,22,4.55%,6.36
https://geniuskala.com/product/آمپلی-فایر-بلوتوثی-مدل-btx25/,1,22,4.55%,6.82
https://geniuskala.com/راهنمای-خرید-اسپیکر/,1,20,5%,18.45
https://geniuskala.com/product/آمپلی-فایر-رومیزی-مدل-jx600-6/,1,18,5.56%,12.33
https://geniuskala.com/product-tag/اسپیکر/,1,16,6.25%,8.06
https://geniuskala.com/product-tag/اسپیکر-سقفی/,1,15,6.67%,12.67
https://geniuskala.com/product/دستگیره-هوشمند-دامو/,1,13,7.69%,10.31
https://geniuskala.com/تخفیف-ها-و-پیشنهادات/,1,12,8.33%,3.83
https://geniuskala.com/product/تاچ-پنل-صوتی-مدل-jx701-2/,1,12,8.33%,8.83
https://geniuskala.com/category/تکنولوژی/,1,11,9.09%,4.36
https://geniuskala.com/برند/sonoff/,1,5,20%,14
https://geniuskala.com/برند/edel/,1,4,25%,14.75
https://geniuskala.com/product/اینورتر-تک-فاز-داتیس-2-2-کیلووات/,1,3,33.33%,2.67
https://geniuskala.com/?taxonomy=xts_slider&term=main-slider,1,3,33.33%,6
https://geniuskala.com/product/اینورتر-تک-فاز-داتیس-1-5-کیلووات/,1,2,50%,2
https://geniuskala.com/product/اینورتر-سه-فاز-داتیس-15-کیلووات/,1,1,100%,1
https://geniuskala.com/product-category/کلید-و-پریز/کلید-هوشمند/,0,81,0%,64.56
https://geniuskala.com/product/اسپیکر-دیواری-مدل-spg53/,0,57,0%,4.14
https://geniuskala.com/قوانین-و-مقررات/,0,45,0%,8.4
https://geniuskala.com/product-category/دستگیره-هوشمند/,0,40,0%,7.12
https://geniuskala.com/product-category/سیستم-صوتی/تاچ-پنل-صوتی/,0,39,0%,17.1
https://geniuskala.com/product-tag/دستگیره-هوشمند/,0,35,0%,7.2
https://geniuskala.com/product-category/سیستم-صوتی/,0,34,0%,4.82
https://geniuskala.com/product/تاچ-پنل-صوتی-مدل-jx10tuya/,0,32,0%,16.22
https://geniuskala.com/اسپیکر-سقفی/,0,31,0%,21.26
https://geniuskala.com/product/تاچ-پنل-akuvox-مدل-s562/,0,27,0%,14.04
https://geniuskala.com/product/پریز-هوشمند-سونوف-s20-مدل-wifi/,0,26,0%,6.08
https://geniuskala.com/product/دستگیره-هوشمند-دلفی/,0,24,0%,5.58
https://geniuskala.com/product/آیفون-تصویری-akuvox-مدل-e12s/,0,23,0%,15.43
https://geniuskala.com/product/تاچ-پنل-آکووکس-مدل-s563w/,0,22,0%,20.77
https://geniuskala.com/product/آمپلی-فایر-رومیزی-مدل-jx3030/,0,21,0%,13.48
https://geniuskala.com/شرایط-ارسال-سفارش/,0,20,0%,9.05
https://geniuskala.com/product/دستگیره-هوشمند-پلاتین/,0,18,0%,5.56
https://geniuskala.com/روش-های-پرداخت/,0,18,0%,8.22
https://geniuskala.com/دستگیره-هوشمند-چیست/,0,18,0%,10.22
https://geniuskala.com/product/آمپلی-فایر-رومیزی-مدل-jx600-8/,0,18,0%,24.89
https://geniuskala.com/product/تاچ-پنل-صوتی-مدل-jxa10/,0,17,0%,7.41
https://geniuskala.com/product-category/سیستم-صوتی/آمپلی-فایر/,0,17,0%,20.53
https://geniuskala.com/author/zojwrwdawzwp/,0,16,0%,8.62
https://geniuskala.com/product-category/تجهیزات-شبکه/,0,14,0%,4
https://geniuskala.com/product/اسپیکر-دیواری-مدل-spg52/,0,13,0%,7
https://geniuskala.com/product-tag/تاچ-پنل-صوتی/,0,11,0%,4.27
https://geniuskala.com/product/تاچ-پنل-صوتی-مدل-jx6tuya/,0,11,0%,6
https://geniuskala.com/آمپلی-فایر-چیست/,0,11,0%,7
https://geniuskala.com/blog/,0,10,0%,7.5
https://geniuskala.com/مقایسه-محصولات/,0,10,0%,10
https://geniuskala.com/product-tag/اسپیکر-دیواری/,0,10,0%,10.3
https://geniuskala.com/wishlist/,0,9,0%,7.78
https://geniuskala.com/story/,0,9,0%,7.89
https://geniuskala.com/product-category/پرده-برقی/,0,9,0%,10.89
https://geniuskala.com/product-category/سیستم-امنیتی/,0,9,0%,11.22
https://geniuskala.com/product/تاچ-پنل-صوتی-دایره-ای-مدل-jx86k/,0,8,0%,4.75
https://geniuskala.com/refund_returns/,0,7,0%,8
https://geniuskala.com/order-tracking/,0,7,0%,8.14
https://geniuskala.com/product-category/آیفون_تصویری/,0,7,0%,11.14
https://geniuskala.com/product-tag/آمپلی-فایر-رومیزی/,0,6,0%,8.17
https://geniuskala.com/حریم-خصوصی/,0,5,0%,12.8
https://geniuskala.com/product/اینورتر-تک-فاز-داتیس-0-75-کیلووات/,0,4,0%,5.5
https://geniuskala.com/همکاری-با-ما/,0,4,0%,15
https://geniuskala.com/علاقه-مندی-ها/,0,4,0%,16.5
https://geniuskala.com/my-account/,0,3,0%,3.33
https://geniuskala.com/product-category/پنل-خورشیدی-و-ups/,0,2,0%,5.5
https://geniuskala.com/?xts-template=%D8%B5%D9%81%D8%AD%D9%87-%D9%85%D8%AD%D8%B5%D9%88%D9%84-%D8%AA%DA%A9%DB%8C-2,0,2,0%,9.5
https://geniuskala.com/ثبت-شکایت/,0,2,0%,22
https://geniuskala.com/پیشنهادات-و-انتقادات/,0,2,0%,28
https://geniuskala.com/product/اینورتر-سه-فاز-داتیس-22-کیلووات/,0,1,0%,2
https://geniuskala.com/product/اینورتر-سه-فاز-داتیس-2-2-کیلووات/,0,1,0%,3
https://geniuskala.com/product/اینورتر-سه-فاز-داتیس-7-5-کیلووات/,0,1,0%,4
https://geniuskala.com/?xts-template=%D8%B5%D9%81%D8%AD%D9%87-%D8%AA%DA%A9%DB%8C-%D9%85%D8%AD%D8%B5%D9%88%D9%84,0,1,0%,6
https://geniuskala.com/product/اینورتر-سه-فاز-داتیس-30-کیلووات/,0,1,0%,7
https://geniuskala.com/product-category/کلید-و-پریز/پریز-هوشمند/,0,1,0%,8
https://geniuskala.com/product/کلید-لمسی-هوشمند-سونوف-t2eu2c/,0,1,0%,10