Top queries,Clicks,Impressions,CTR,Position
جنیوس کالا,45,50,90%,1
معایب دستگیره هوشمند,1,38,2.63%,7.37
sp301,1,3,33.33%,3.33
اسپیکر سقفی sp618,1,2,50%,24.5
اسپیکر سقفی توکار مدل fg-618,0,33,0%,73.03
کلید هوشمند لمسی تک پل,0,31,0%,49.32
تاچ پنل صوتی,0,23,0%,32.09
کلید هوشمند لمسی 3 پل,0,19,0%,97.79
کلید تک پل هوشمند,0,12,0%,71.83
کلید سه پل هوشمند,0,10,0%,51.4
زوریچ,0,9,0%,5.78
تورسا,0,9,0%,8.44
راهنمای انتخاب سیستم صوتی سقفی,0,7,0%,95.86
آمپلی فایر رومیزی,0,6,0%,48
کلید دو پل هوشمند,0,6,0%,48
دستگیره هوشمند دوربین دار,0,5,0%,21.8
تاچ پنل اندروید روتاری 10 اینچ تویا fg-a101201,0,5,0%,73.8
آمپلی فایر رومیزی 8 کانال,0,5,0%,74.6
سایت جنیوس,0,4,0%,6.75
جنیوس هوشمند,0,3,0%,7
راهنمای سیستم صوتی کافه و رستوران,0,3,0%,47
خانه هوشمند جنیوس,0,2,0%,19.5
امپلی فایر رومیزی,0,2,0%,25
اسپیکر سقفی 100 وات fg-618,0,2,0%,72.5
پنل 10 اینچ akuvox اندروید s567w sip,0,2,0%,73
پنل 7 اینچ akuvox s562 sip لینوکس,0,2,0%,75
پنل 8 اینچ akuvox اندروید s563 sip,0,2,0%,81
تاچ پنل صوتی 3.5 اینچ fg-225,0,2,0%,81.5
تک زنگ akuvox e12s sip,0,2,0%,95.5
jx600,0,1,0%,3
jx701,0,1,0%,4
نصب اسپیکر سقفی,0,1,0%,5
jx7,0,1,0%,7
sp618,0,1,0%,13
اسپیکر هالوژنی,0,1,0%,16
spsf62,0,1,0%,25
اسپیکر دیواری,0,1,0%,35
تاچ پنل صوتی اندروید 7 اینچ fg-a7,0,1,0%,72
اسپیکر دیواری تحت شبکه,0,1,0%,73
jx3030,0,1,0%,77
کلید هوشمند,0,1,0%,80
کلید لمسی هوشمند,0,1,0%,93